AaliiAaronAbacaAbackAbaffAbaftAbamaAbaseAbashAbaskAbateAbaveAbazeAbbasAbbeyAbbieAbbotAbdalAbdatAbeamAbearAbeleAbhorAbideAbidiAbiesAbiloAbkarAblerAblowAbmhoAbnerAbnetAbodeAbodyAbohmAboilAbomaAboonAbordAbortAboutAboveAbramAbretAbrimAbrinAbrusAbsitAbunaAburaAbuseAbutaAbuzzAbwabAbysmAbyssAcanaAcapuAcaraAcariAcateAccoyAcedyAcerbAcharAchenAcherAchorAcierAckerAckeyAclysAcmicAcockAcoinAcoldAcomaAconeAcornAcrabAcredAcridAcroaAcronAcruxAcrylActinActonActorAcuanAcuteAdageAdapaAdaptAdatiAdaweAdawnAdaysAddaxAddedAdderAddieAddleAdeadAdeemAdeepAdelaAdeptAdfixAdielAdieuAdionAdjagAdlayAdletAdmanAdmitAdmixAdnexAdobeAdoptAdoreAdornAdownAdoxaAdoxyAdozeAdpaoAdripAdropAdrueAdultAduncAduskAdustAdytaAdzerAedesAegisAegleAequiAericAerieAeviaAfaceAfaraAfearAffixAfifiAfireAflatAflowAfoamAfootAforeAfoulAfretAfricAfterAgadeAgainAgamaAgamiAgamyAgapeAgaspAgateAgatyAgaveAgazeAgenaAgentAggerAggieAggryAggurAghanAgielAgileAgingAgistAgletAgleyAglowAgnelAgnesAgnusAgogeAgohoAgoneAgonyAgoraAgrahAgralAgreeAgriaAgrinAgromAgsamAgueyAgushAgustAheadAheapAhindAhintAhongAhsanAhullAhuntAhuraAhushAhwalAiderAidesAilieAilltAimakAimeeAimerAinoiAiranAiredAirerAisleAitchAiwanAizleAjajaAjariAjavaAjharAjugaAkalaAkaliAkasaAkebiAkekiAkkadAkneeAkpekAkuleAkundAlackAladaAlakiAlalaAlamoAlandAlaniAlansAlarmAlaryAlateAlawiAlbanAlbeeAlbinAlbumAlbusAlbynAlcaeAlcesAlcorAlderAldimAldolAldusAleakAleckAleftAlephAlertAleutAlfetAlfurAlgaeAlgalAlgicAlgidAlginAlgolAlgorAlgumAliasAlibiAliceAlickAlidaAlidsAlienAlignAlikeAlimaAlineAlishAlisoAlispAlistAliteAliveAlkesAlkydAlkylAllahAllanAllayAllerAlleyAllieAllotAllowAlloyAllylAlmanAlmonAlmudAlmugAlnusAlodyAloedAloftAlogyAloidAloinAloisAlomaAloneAlongAloofAlosaAloseAloudAloweAlpaxAlpenAlphaAlpidAltarAlterAlthoAltinAltunAlucoAlulaAlureAlutaAlvahAlvanAlvarAlvinAlvusAlwayAmaasAmadiAmagaAmainAmalaAmangAmaniAmapaAmaraAmassAmatiAmazeAmbanAmbarAmbayAmberAmbitAmbleAmbonAmbosAmbryAmeedAmeenAmeluAmendAmeneAmentAmharAmiceAmideAmidoAmineAminiAminoAmishAmissAmitaAmityAmmanAmmerAmnicAmokeAmoleAmongAmortAmourAmoveAmperAmpleAmplyAmpulAmpyxAmselAmuckAmulaAmuseAmuzeAmvisAmyloAnaboAnamaAnanaAnasaAnchaAnconAndreAnearAneleAnendAnentAngelAngerAngieAngkaAngleAngorAngryAngstAngusAnibaAniceAnighAnileAnimaAnimeAnimiAnionAniseAnitaAnjanAnjouAnkeeAnkerAnkleAnkouAnkusAnnalAnnamAnnatAnnetAnnexAnnieAnnoyAnnulAnodeAnoilAnoleAnoliAnomyAnousAnsarAnselAnserAntalAntarAntesAnticAntonAntraAntreAntumAnuraAnuryAnvilAnzacAoifeAortaAoteaAotesAotusApaceApaidApamaApartApeakApertAperuAperyAphidAphisAphraApianApiinApinaApingApiosApishApismApiumApneaApodaApoopAportApoutAppayAppetAppleApplyAprilApronApsisAptalAptlyArabaArabyAracaAradoArainArakeAramuAraraAratiArauaArawaArborArcheArchyArcosArdeaArdebArdorArdriAreadArealAreanArearArecaAreekAreelArenaArendArengArentAreteArgalArgasArgelArgidArgilArgolArgonArgotArgueArgusArharArhatArianArielAriesArioiArionAriotAriseAristAriteAriusArjunArkabArlesArmedArmerArmetArmilArmorArnebArneeArnutAroarArockAroidAromaAroonAroseArpenArrahArrasArrauArrayArrieArrisArrowArsesArsisArsleArsonArsylArtalArtarArtelArthaArtieAruacArukeAruloArupaArusaArvalArvelAryanArzanArzunAsaleAsanaAsaphAsarhAscanAsciiAsconAscotAscryAscusAsdicAshenAsherAshesAshetAshirAshurAsianAsideAskarAskerAskewAskipAskosAslopAsoakAsokaAspenAsperAspicAssaiAssamAssayAssetAssisAstayAsterAstirAstorAsturAsuriAswayAswimAsylaAtaviAtaxyAtebaAteloAtharAtiltAtlasAtleeAtmanAtmidAtmosAtnahAtokeAtollAtomyAtoneAtonyAtopyAtourAtriaAtripAttarAtterAtticAttidAtuleAtuneAtwinAtypyAucanAudioAuditAuetoAugenAugerAughtAugurAulaeAulicAuloiAulosAumilAuraeAuralAurarAuricAurinAurirAurumAurylAutemAutosAuxinAvahiAvailAvarsAvastAvenaAvensAveraAvertAvianAvickAvineAvisoAvoidAwabiAwaftAwaitAwakeAwaldAwaltAwaneAwardAwareAwashAwaveAwberAweekAweelAwestAwetoAwfulAwhetAwhirAwideAwingAwinkAwiwiAwnedAwnerAwokeAworkAxialAxileAxineAxiomAxionAxiteAxledAxmanAxoidAyelpAyletAylluAyondAyontAyousAzideAzineAzochAzofyAzoicAzoleAzoteAzothAzoxyAztecAzureAzuryAzymeBabaiBabbyBabelBabooBabuaBabulBacaoBaccaBacheBacisBaconBadanBadgeBadlyBadonBaffyBaftaBagdiBagelBaggyBagreBahaiBahamBahanBaharBahayBahoeBahooBahurBahutBaiocBairnBaithBaizeBajanBajauBajraBajriBakalBakedBakenBakerBakieBakliBalaiBalakBalanBalaoBalasBaldyBaleiBalerBalkyBalliBallyBalmyBalooBalorBalowBalsaBaltiBalutBalzaBanakBanalBanatBanbaBancaBancoBandaBandeBandiBandoBandyBanffBangaBangeBanigBanjoBankyBannsBantuBantyBanyaBaradBarbeBardoBardyBarerBarffBargeBarghBariaBaricBaridBarieBarisBaritBarkyBarmyBarnyBaroiBaronBarraBarryBarseBarthBaryeBasalBasedBasesBasicBasilBasinBasisBasonBasosBassaBassoBastaBasteBastoBatadBatakBatanBatchBateaBatedBatelBaterBatheBatikBatisBatonBattaBattyBatwaBauboBauchBaumeBaunoBaureBautaBavinBawraBayalBayedBayokBayouBazooBeachBeadyBeakyBealaBeamyBeanoBeantBeanyBeardBearmBeastBeataBeathBeauxBebarBebatBebayBebedBebogBebopBecapBeckyBecryBecutBedadBedayBedelBedenBedewBedimBedinBedipBedogBedotBedubBedurBedyeBeechBeefyBeeryBeestBeethBeetyBeeveBefanBefitBefogBefopBegadBegarBegatBegayBegemBegetBeginBegobBegumBegunBegutBehapBehenBeiceBeigeBeingBeiraBeisaBejanBejelBejigBekahBekkoBelahBelamBelarBelayBelchBeleeBelgaBelieBelisBellaBelleBellyBelowBelveBemadBemanBemarBematBembaBemixBemudBenabBenchBendaBendyBenetBeninBenjyBenneBennyBenshBentyBenzoBeodeBepatBepawBepenBepunBeratBerayBeretBergyBerneBeroeBerriBerryBerthBerylBeryxBesanBeseeBesetBesinBesitBesomBesotBespyBesraBessiBessyBetagBetelBetisBetsoBetsyBettaBettyBevelBeverBevueBewetBewigBezelBezziBezzoBhagaBhaluBhangBharaBhavaBhiliBhimaBiaboBibioBibleBichyBidarBiddyBiderBidetBidriBieldBiferBifidBighaBightBigotBihaiBihamBijouBikolBilboBilbyBilchBilgeBilgyBilicBilinBilioBillaBillyBilshBinalBingeBingoBingyBinnaBiomeBioseBiotaBipedBipodBirchBirdyBirleBirmaBirnyBironBirseBirsyBirthBisonBistiBitchBiterBitisBittyBiuneBixinBizenBizetBlackBladeBladyBlaffBlainBlairBlakeBlameBlancBlandBlankBlareBlartBlaseBlashBlastBlateBlazeBlazyBleakBlearBleatBleckBleedBlendBlentBlessBlestBlibeBlickBlimpBlimyBlindBlinkBlissBliteBlitzBlizzBloatBlockBlokeBloodBloomBloopBloreBloutBlownBlowyBluerBluesBluetBlueyBluffBlunkBluntBlurbBlurtBlushBlypeBoardBoastBobacBobbyBocalBoccaBocceBocheBocoyBodenBoderBodgeBodhiBodleBoganBogeyBoggyBogieBogleBogueBogumBogusBoheaBohorBoikoBoilyBoistBokomBolagBolarBoldoBolduBoledBolisBollyBoltiBolusBomboBonboBonceBonedBonerBoneyBongoBonnyBonusBonzeBoobyBoodyBookyBoolyBoomyBooneBoonkBoortBooseBoostBoosyBoothBootsBootyBoozeBoozyBorakBoralBoranBoraxBoreeBorerBorghBoricBorisBorneBoronBortyBortzBorylBoschBoserBoskyBosomBossyBosunBotchBothyBougeBoughBouleBoundBourdBourgBournBouseBousyBoutoBovidBowedBowelBowerBowetBowieBowlaBowlsBowlyBoxenBoxerBoxtyBoyarBoyerBoylaBozalBozzeBracaBraceBrachBrackBractBragiBrahmBraidBrailBrainBrakeBrakyBrandBrankBrantBrashBrassBravaBraveBravoBrawlBrawnBrawsBraxyBrazaBrazeBreadBreakBreamBrebaBreckBredeBrediBreedBreekBremeBrentBrethBrettBrevaBreveBrianBriarBribeBrickBrideBriefBrierBrillBrineBringBrinkBrinyBriskBrissBrithBrizaBrizzBroadBrochBrockBroilBrokeBrollBromaBromeBroncBronkBronxBroodBrookBroolBroomBroonBroseBrosyBrothBrownBrughBruinBruitBrukeBruleBrumeBrunoBruntBrushBrutaBruteBruzzBryumBuazeBubalBubbyBuccaBuccoBuchuBuckoBuckyBuddhBuddyBudgeBuffyBuganBuggyBugleBugreBuildBuiltBuistBukatBulakBulbyBulgeBulgyBulkyBullaBullyBulseBumboBumpyBunceBunchBundaBunduBundyBungaBungoBungyBunkoBunnyBuntyBunyaBuranBuraoBurelBuretBurghBurinBurkaBurkeBurlyBurntBurnyBurroBurryBursaBurseBurstBurutBusbyBushiBushyBuskyBussuButchButeaButeoButicButsuButteButtyButylButynButyrBuxomBuxusBuyerBuzzyBylawByninByousBysenBywayCaamaCabalCabanCabasCabbyCabdaCaberCabinCabioCableCabobCabotCacamCacanCacaoCacheCactiCacurCaddoCaddyCaderCadetCadewCadgeCadgyCadosCadreCaduaCadusCaecaCaffaCafizCagedCagerCageyCaggyCagitCahizCahotCahowCairdCairnCairoCaiteCajanCajunCakerCakeyCalasCalebCalidCalixCallaCalliCalloCalmyCalorCalveCalyxCamanCamelCameoCampaCampeCampoCamusCanalCanchCandyCanelCanerCanidCanisCannaCannyCanoeCanonCansoCantoCantyCanunCaobaCapaxCapedCapelCaperCapesCaponCapotCappyCapraCapriCapsaCaratCarboCardoCarerCaretCarexCargaCargoCaribCaridCarlsCaroaCarobCarolCaromCarryCarseCarteCartyCaruaCarumCarveCaryaCarylCasalCascoCasedCaselCaserCashaCasseCasteCatanCatchCaterCathaCattiCattyCauchCaudaCauldCaumaCaupoCauseCavaeCavalCavelCaviaCavieCavilCavusCawkyCaxonCcoyaCeaseCebidCebilCeburCebusCecilCedarCederCedreCedryCeibaCeiboCeileCeliaCellaCelloCenseCentoCeorlCequiCeralCerasCerciCeredCererCeriaCericCerinCertyCerylCeticCetidCetinCetusCetylChackChacoChafeChaffChaftChagaChainChairChaisChaitChajaChakaChalkChamaChampChaneChangChankChantChaosChapeChapsChaptCharaChardChareCharkCharmCharrChartCharyChaseChasmChatiChauiChaukChausChawkChawlChayaChazyCheapCheatCheckCheekCheepCheerCheetCheirChekaChekeChekiChelaChelpChenaChengCheraChertChessChestChethCheveChevyChewyChiamChianChickChicoChideChiefChienChildChileChiliChillChimeChimuChinaChineChingChinkChinoChintChiotChipsChirkChirmChiroChirpChirrChitaChiveChloeChlorChocaChockChocoChoelChoesChogaChoilChoirChokeChokyCholaCholdCholiCholoChompChoopChopaChoraChordChoreChortChoseChottChoupChousChowkChoyaChriaChrisChuckChudeChufaChuffChujeChumpChunkChurlChurmChurnChurrChuteChyakChyleChymeCibolCicadCicerCiderCigarCiguaCiliaCimexCinchCinctCinelCircaCirceCirriCiscoCistaCiteeCiterCituaCivetCivicCivilCivvyClackClaimClambClameClampClangClankClaptClaraClareClarkClaroClartClaryClashClaspClassClautClavaClaveClavyClawkCleadCleamCleanClearCleatCleckCleekCleftClerkCleveClickCliffCliftClimaClimbClimeClineClingClinkClintClipsCliptCliteCliveCloakCloamClockCloffCloitClombCloneCloofCloopClootCloseCloshCloteClothCloudClourCloutCloveClownCluckCluffClumpClungClunkClyerClypeCnidaCoachCoactCoaidCoalyCoaptCoarbCoastCoatiCoaxyCobbyCobiaCobleCobraCobusCocciCoccoCockyCocleCocoaCocosCoderCodexCodolCodonCogonCogueCohenCoholCoignCoinyCokerColanColicColinCollaCollyColonColorColzaComalComanCombyComerComesCometComfyComicComidCommaComoxCompoComusConalConchConedConerConesCongaCongoConicConinConkyConorConoyConteContoConusCoobaCooeeCooerCoojaCookyCoolyCoombCoomyCoonyCoorgCoostCopalCopeiCopenCoperCopisCoppyCopraCopseCopsyCopusCoqueCorahCoralCoramCordyCoredCoreeCorerCorgeCorgiCorinCorkeCorkyCornuCornyCoroaCorolCorpsCorseCortaCorylCosecCosetCosseCostaCotchCotheCothyCottaCotteCottyCotysCouacCouchCoudeCoughCouldCoumaCountCoupeCourbCoursCourtCouthCovedCoverCovetCoveyCovidCovinCowalCowanCowerCowleCoxalCoyanCoylyCoyolCoypuCozenCrackCraftCrainCrakeCrampCraneCrankCrapeCrapsCrapyCrareCrashCrassCrateCraveCravoCrawlCrawmCrazeCrazyCreakCreamCreatCredoCreedCreekCreelCreemCreenCreepCrenaCrepeCreptCrepyCressCrestCretaCreteCriboCrickCriedCrierCrieyCrileCrimeCrimpCrineCrinkCrispCrissCrithCroakCroatCrociCrockCroftCromeCroneCronkCronyCroodCrookCroolCroonCroreCrosaCrossCroupCroutCrowdCrowlCrownCrozeCruceCruckCrudeCruelCruetCrumbCrumpCrunkCruntCruorCruseCrushCrustCruthCryptCteneCubanCubbyCubebCuberCubicCubitCuddyCuecaCuevaCuffyCujamCuletCulexCullaCullyCulmyCulpaCumalCumarCumayCumbuCumicCuminCumolCumylCunanCunasCunyeCunzaCupayCupelCupidCuppyCurbyCurchCurdyCurerCurieCurinCurioCurlyCurryCursaCurseCurstCuruaCurveCurvyCusecCushyCusieCussoCutchCutieCutinCutisCuttyCutupCyathCycadCycasCycleCylixCymarCymbaCymryCynicCypreCyrilCyrusCytonCzechDabbaDabbyDabihDacusDadapDaddyDaffyDaflaDaggaDaggyDaijoDailyDairaDairiDairyDaisyDaivaDakerDakirDalarDaleaDalerDalleDallyDamanDamiaDamieDammeDamonDampyDanaiDanceDandaDandyDanicDanioDanliDantaDaracDarafDaratDarbyDarerDaresDargoDaricDariiDarkyDarooDarstDartsDashyDasntDassyDasyaDatchDaterDatilDatumDaubeDaubyDauntDauriDavenDaverDavidDavitDawdyDawnyDawutDayalDazedDeairDealtDearyDeashDeathDeaveDebarDebbyDebenDebitDebusDebutDecadDecalDecanDecapDecayDecilDeckeDecoyDecryDecusDecylDedanDeedyDefatDeferDefogDegasDegumDeiceDeifyDeignDeinkDeinoDeismDeistDeityDekkoDekleDelayDelftDelhiDeliaDellaDeltaDelveDemalDemitDemobDemonDemosDenatDendaDenebDenimDenisDenseDentyDeotaDepasDepohDepotDepthDerahDeratDerayDerbyDericDermaDerryDesexDesmaDessaDesylDetarDetaxDeterDetinDeturDeuceDevilDevonDevowDewanDewaxDewerDhabbDhavaDheriDhobiDholeDhoniDhoonDhotiDhoulDhyalDiactDiambDianaDiaryDicerDickyDicotDictaDiddyDidieDidleDidnaDidntDidstDidusDidymDiegoDieneDieriDifdaDightDigitDigorDikerDildoDilliDillyDimerDimitDimlyDimnaDimpsDinahDinarDinerDingeDingoDingyDinicDinkaDinkyDinusDiodeDioneDioonDioseDiotaDioxyDipusDircaDirgeDirtyDismeDisnaDitalDitchDiterDittoDittyDivanDivelDiverDivotDivusDivvyDixieDixitDizenDizzyDjaveDjukaDobbyDoblaDobraDoddyDodgeDodgyDoestDogalDoggoDoggyDogieDoglyDogmaDograDoigtDoilyDoinaDoingDoliaDollyDolorDolphDomalDombaDomerDomicDomptDonarDonaxDoneeDonetDoneyDongaDoniaDonnaDonorDonumDoojaDooliDoolyDoomsDoperDopeyDorabDoradDoreeDoriaDoricDorisDorjeDormyDortsDortyDoserDosisDotalDotedDoterDottyDouarDoubtDouceDoughDouseDoverDowdyDowedDowelDowerDowieDownyDowryDowseDozedDozenDozerDrabaDracoDraffDraftDragoDrailDrainDrakeDramaDrammDrangDrankDrantDrapeDrateDrawkDrawlDrawnDreadDreamDrearDreepDregsDrengDressDrestDriasDriedDrierDriftDrillDrinkDrinnDriskDriveDroghDroitDrollDromeDronaDroneDronyDroolDroopDroptDrossDroudDroukDroveDrovyDrownDruidDrungDrunkDrupaDrupeDruseDrusyDruxyDryadDryasDrylyDrythDualaDualiDubbaDubbyDubheDucalDucatDucesDuchyDugalDuhatDujanDukhnDulatDulerDuliaDullyDulseDumbaDummyDumpyDunalDunceDunchDungyDunneDunnyDunstDuoleDuperDuplaDupleDuppyDuralDuraxDurioDurocDurraDurryDurstDurylDusioDuskyDustyDusunDutchDutraDuvetDwaleDwalmDwangDwarfDwellDweltDwineDwykaDyausDyingDykerEagerEagleEagreEaredEarlyEarthEaselEaserEatenEaterEavedEaverEavesEbonyEcheaEchisEcizeEclatEcoidEcoleEctadEctalEdanaEdderEddicEddieEdemaEdgarEdgedEdgerEdictEdifyEdithEdiyaEdoniEduceEductEdwinEelerEerieEffieEgestEggerEgretEgyptEiderEightEigneEimakEimerEjectEkahaEkingEkronElainElandElapsElateElbowElderEldinEleanElectElegyElemiEleutElficElfinElianEliasElideElihuEliteElizaEllenElmerEloahElogeElopeElopsElsinEludeEluteElvanElverElvesElvetElymiEmbarEmbayEmbedEmberEmbogEmbowEmboxEmbusEmceeEmeerEmendEmeryEmesaEmilyEmmerEmmetEmoteEmpeoEmptyEnactEnageEnaptEnarmEnateEncupEndedEnderEndewEndowEndueEneasEnemaEnemyEngemEnhatEniacEnjoyEnnuiEnochEnoilEnormEnrayEnribEnrolEnrutEnskyEnsueEntadEntalEnterEntiaEntryEnureEnvoyEnzymEosinEpactEphahEphodEphorEpochEpodeEpoptEppieEpsomEpuloEqualEquidEquipEquusEradeEraseEravaErbiaErectEreptErgalErgonErgotErianEricaErikaErizoErodeEroseErrorErsarErucaEructEruptErvumEryonEsereEshinEskerEssayEssedEssexEssieEsterEstocEstopEstreEstusEthalEthanEthelEtherEthicEthidEthosEthylEttleEtudeEupadEurusEusolEvadeEvaseEvensEventEvertEveryEvictEvokeEwderEweryExactExaltExcelExdieExeatExertExileExistExiteExlexExodeExodyExpelExterExtolExtraExudeExultEyingEyotyEyrieEyrirFabesFableFacedFacerFacetFaciaFacksFactyFaddyFadedFadenFaderFadgeFaeryFaffyFagerFagotFagusFahamFainsFaintFairmFairyFaithFakerFakirFalcoFallyFalseFanalFanamFancyFangyFannyFanonFantiFanweFaradFarceFarcyFardeFardhFardoFarerFarmyFarseFarsiFatalFatedFatilFatlyFattyFaughFauldFaultFaunaFauseFaustFauveFavorFavusFawnyFayalFeastFeatyFeazeFecalFecesFediaFeedyFeereFeezeFeignFeintFeistFelidFelisFelixFellyFelonFeltyFelupFemicFemurFenceFendyFenksFennyFeoffFeraeFeralFeriaFerieFerioFerlyFermeFernyFerriFerryFesteFetalFetchFetidFetorFetusFeuarFeuedFeverFezzyFiardFiberFibryFicheFichuFicusFidacFidesFidgeFidiaFieldFiendFientFieryFiferFifieFifthFiftyFiggyFightFikieFilaoFilarFilchFilerFiletFilixFillyFilmyFilthFinalFinchFinerFinguFinisFinnyFiordFiqueFircaFiredFirerFirryFirstFirthFishyFistyFitchFitlyFittyFiverFivesFixedFixerFizzyFjeldFlackFlaffFlailFlairFlakeFlakyFlambFlameFlamyFlaneFlankFlareFlaryFlashFlaskFlavoFlawnFlawyFlaxyFleamFleayFleckFleerFleetFleshFletaFlewsFlickFlierFlimpFlingFlintFlipeFlirtFliskFliteFloatFlockFloeyFlongFloodFloorFloraFloryFloshFlossFlotaFlourFloutFlownFluedFluerFlueyFluffFluidFlukeFlukyFlumeFlumpFlungFlunkFluorFlurnFlurrFlushFluskFluteFlutyFlyerFlypeFoalyFoamyFocalFocusFoddaFoderFodgeFoehnFogeyFoggyFogleFogonFogouFogusFohatFoismFoistFoldyFoliaFolieFolioFolkyFollyFomesFonduFonlyFoodyFootsFootyFoppyForayForbyForceFordoFordyForelForgeForgoForkyFormeFormyForstForteForthFortyForumFosieFossaFosseFotchFotuiFoundFountFouteFouthFoveaFoxerFoyerFrackFraidFraikFrailFrameFrancFrankFraseFrassFraudFrawnFraynFrazeFreakFreamFreckFreedFreenFreerFreetFreirFreitFremdFreonFreshFrettFreyaFreyrFriarFriedFrierFrijaFrikeFrillFriskFristFrithFrittFritzFrizeFrizzFrockFrondFrontFroomFroreFroryFroshFrostFrothFrowlFrownFrowyFrozeFruitFrumpFrushFryerFubbyFubsyFucusFuderFudgeFudgyFuffyFugalFuggyFugleFugueFulahFullyFulthFultzFulupFulwaFumerFumetFundiFundsFungiFungoFunisFunjeFunkyFunnyFuralFuranFurcaFurilFurorFurryFurudFurylFurzeFurzyFusedFuseeFushtFusilFussyFustyFususFutwaFuzzyGabbyGableGaddiGadgeGadidGadusGaffeGageeGagerGagorGailyGaineGainsGaizeGalahGalaxGaleaGaleeGaleiGalenGaletGaleyGalgaGalikGallaGalliGallyGalopGambaGamicGaminGammaGammyGamutGanamGanchGandaGanefGangaGangeGanjaGansyGantaGanzaGaperGapesGappyGaradGarceGardyGarehGarleGarooGarseGarthGarumGasanGashyGaspyGassyGatchGatedGaterGathaGatorGaubyGaudyGaugeGaultGaumyGauntGauraGaussGauzeGauzyGavelGaviaGawbyGawkyGayalGazeeGazelGazerGazonGeaseGeburGeckoGeestGeiraGekkoGelidGellyGemelGemmaGemmyGemotGemulGenalGenepGenetGenicGenieGeniiGeninGenipGennyGenoaGenomGenosGenreGenroGentyGenuaGenusGenysGeodeGeoidGeotyGerahGerbeGerimGeripGermyGesanGessoGesteGetaeGetahGeticGetupGeyanGhaziGhentGhoomGhostGhoulGiantGibbiGibbyGibelGiberGibusGiddyGigotGilesGiliaGilimGillyGilpyGilseGimelGinnyGiponGippyGirbaGirlyGirnyGirseGirshGirthGislaGivenGiverGiveyGlaceGlackGladeGladyGlagaGlaikGlairGlakyGlandGlansGlareGlaryGlassGlaumGlaurGlauxGlazeGlazyGleamGleanGlebaGlebeGledeGledyGleedGleekGleetGlentGlialGlideGliffGlimeGlinkGlintGliskGloamGloatGlobeGlobyGloeaGlomeGloomGloreGloryGlossGlostGloutGloveGlozeGluckGluedGluerGlueyGlumaGlumeGlumpGlyphGnarlGnashGnawnGnomeGoalaGoatyGoaveGobanGobbeGobbyGobiaGobioGodetGodlyGoetyGoggaGoingGoldiGoldyGoleeGolemGolgiGollyGoloeGolpeGomerGonadGonalGondiGonerGoniaGonidGonneGonysGoodsGoodyGoofyGoolsGoomaGooseGoosyGoralGoranGorceGorerGorgeGoricGorraGorryGorseGorsyGossyGotchGothaGotraGoudaGoudyGougeGoumiGouraGourdGoutyGowanGoyimGoyinGoyleGraceGradeGraffGraftGrailGrainGraipGramaGrameGrampGrandGraneGrankGranoGrantGrapeGraphGrapyGraspGrassGrateGraveGravyGrazeGreatGrebeGreboGreceGreedGreekGreenGreetGregeGregoGreinGretaGriceGrideGriefGriffGriftGrikeGrillGrimeGrimpGrimyGrindGripeGripyGristGrithGritsGroanGroatGroffGroinGroomGroopGrootGropeGrossGroszGroufGroupGroutGroveGrovyGrowlGrownGrubsGruelGruesGruffGruisGrumeGrumpGruntGrushGrussGrydeGuabaGuacoGuakaGuamaGuanaGuanoGuaraGuardGuasaGuatoGuavaGuazaGubboGuckiGudgeGudokGuessGuestGuffyGugalGuibaGuideGuigeGuijoGuildGuileGuiltGuilyGuiseGujarGulaeGularGulchGulesGulfyGulixGullyGulpyGumboGumbyGumlyGummaGummyGundiGundyGungeGunneGunnyGuppyGuranGurgeGuricGurlyGurryGushyGuslaGusleGustoGustyGuttaGutteGuttiGuttyGuyerGuzulGweedGwelyGwineGygesGygisGymelGynicGyppoGypsyGyralGyricGyronGyrusHababHabbeHabitHacheHackyHaddoHadesHadjiHafizHaggyHagiaHaidaHaikhHailyHaineHaireHairyHajibHakamHakeaHakimHakkaHalalHalchHalerHalmaHaloaHalseHalveHamalHamelHammyHamsaHamusHamzaHanceHanchHandyHangeHanifHankyHannaHansaHanseHaoleHaomaHaoriHaplyHappyHarbiHardyHaremHarkaHarpaHarpyHarryHarshHasanHashyHaskyHastaHasteHastyHatchHaterHathiHattiHattyHaughHauldHaulmHauntHausaHauseHavelHavenHaverHavocHawerHawkyHawokHawseHayeyHazelHazenHazerHazleHeadyHealdHeapsHeapyHeartHeathHeaveHeavyHecteHederHedgeHedgyHeedyHeezeHeezyHeftyHeiauHeighHelenHelioHelixHelloHellyHeloeHelotHelveHemadHemalHemenHemicHeminHemolHempyHenadHenceHennaHennyHenryHeparHeratHerbyHeremHermaHermoHerneHeronHerseHertzHettyHeuauHeughHeveaHewelHewerHexadHexerHexisHexylHiantHiateHidedHiderHieldHightHikerHilchHildaHillyHilsaHilumHilusHinauHinchHindiHinduHingeHinnyHiperHippaHippoHippyHiramHiredHirenHirerHirseHispaHitchHitheHiverHivesHoardHoaryHoastHobbyHoccoHockyHocusHoddyHoganHoggyHogniHoickHoiseHoistHokanHokeyHokumHolerHoleyHoliaHollaHolloHollyHomamHomerHomeyHondaHondoHoneyHonorHoochHooeyHoofsHoofyHookyHoolyHooseHooshHooveHopedHoperHoppyHoralHordeHorimHormeHornyHorseHorstHorsyHosedHoselHostaHotchHotelHotlyHoughHoundHouriHouseHousyHovelHovenHoverHowdyHoweaHowelHowffHowsoHoyleHuacaHuacoHuariHuaveHubbaHubbyHuchoHuffyHulkyHumanHumboHumetHumicHumidHuminHumorHumphHumpyHumusHunchHundiHunksHunkyHurdsHurlyHuronHurriHurryHurstHurtyHushoHuskyHussyHutchHutiaHuzzaHyblaHydraHydroHyenaHyingHylegHylicHymenHyndeHyoidHyperHyphaHyphoHyraxHysonIambeIambiIanusIberiIbotaIcacoIceniIchorIcicaIcilyIcingIcticIctusIdahoIdaicIdantIddatIddioIdealIdeanIdgahIdiomIdiotIdismIdistIditeIdlerIdolaIdoseIdrylIerneIgaraIgdyrIglooIhlatIhramIjoreIkonaIleacIleonIleumIleusIliacIliadIlialIlianIliauIlimaIliumIllthIlokoImageImagoImbanImbatImbedImberImbueImideImineIminoImmewImmitImmixImparImpelImpenImplyImpotImshiInajaInaneInaptInarmIncanIncogIncurIncusIncutIndanIndexIndiaIndicIndriIndueIndusIndylIneptIneriInermInertInferInfitInfixInfraIngerIngleIngotInialInigoInionInjunInkenInkerInketInkleInkraInlawInlayInletInnerInnetInomaInoneInorbInputInrubInrunInseaInseeInsetInterIntilIntueInulaInureInurnInvarInwitIodicIodolIonicIowanIphisIradeIraniIraqiIrateIrenaIreneIrgunIrianIrishIrohaIrokoIroneIronyIrpexIsaacIsawaIseumIsiacIslamIslayIsletIslotIsmalIsseiIssueIstleItalaItaliItchyItczeItemyItherIviedIvoryIxionIxoraIzardIzoteIztleJabiaJabotJabulJacalJackoJackyJacobJadedJagatJagerJaggyJagirJaglaJaguaJahveJainaJakesJakunJalapJamanJamboJamesJamieJammyJanetJantuJanuaJanusJapanJaperJapyxJaredJarraJarryJaseyJasonJathaJatkiJatniJauntJavanJaverJawabJawedJazzyJeansJebusJeeryJehupJelabJellyJemezJemmyJennaJennyJerezJeribJerkyJerryJesseJesusJettyJewelJewryJheelJhoolJibbyJiboaJiffyJiggyJihadJimmyJingoJinjaJinksJinniJinnyJiquiJirgaJitroJixieJockoJocumJodelJointJoistJokerJokulJollyJoltyJonahJonasJoolaJoreeJorumJoshiJosieJottyJoughJouleJoursJoustJowarJowelJowerJowlyJowpyJoyceJuangJubbeJudahJudasJudexJudgeJuftiJugalJugerJugumJuiceJuicyJulepJulesJuliaJulidJulieJulioJulusJumbaJumboJumbyJummaJumpyJuncoJuntaJuntoJuponJuralJuratJurelJurorJustoJuticJutkaJuttyJuviaJuyasKabelKadmiKadosKafirKafizKaftaKaharKahauKaimoKaiwiKajarKakanKakarKakkeKalonKamaoKamasKambaKamikKanaeKanapKanatKandeKanehKangaKanjiKansaKapaiKapokKappaKappeKapurKaputKarbiKarchKarelKarenKarmaKarouKarriKarstKashaKashiKaskaKassuKatarKathaKathyKatieKatikKatunKauriKayakKayanKazakKazooKeachKeaweKeckyKedarKedgeKeechKeenaKeestKeeveKefirKeftiKeitaKelehKelekKelepKellaKellyKelpyKeltyKemptKempyKenafKenaiKenchKennoKeratKerelKeresKerryKeryxKetalKetchKetenKetolKetteKettyKetylKevelKeyedKhadiKhairKhajaKhakiKhamiKhasaKhasiKhassKhayaKhilaKhmerKhojaKhokaKhondKhuaiKhulaKhuziKhvatKiackKiakiKiangKibeiKiddyKieyeKikarKilahKilanKilehKileyKilimKillyKinahKinchKinguKinkyKioeaKiokoKioskKiowaKippyKirveKishyKisraKissyKiswaKitabKitanKitarKitheKittyKiverKiwaiKiyasKizilKlingKlopsKloshKnackKnapeKnarkKnaveKneadKneedKneelKnellKneltKneziKniazKnickKnifeKnockKnollKnospKnoutKnoweKnownKnurlKnyazKoalaKoaliKobanKobusKodakKodroKoeriKogiaKohenKohuaKoilaKoineKokamKokanKokilKokioKokraKokumKoleaKolisKombuKonakKondeKongoKonguKoniaKookaKoorgKoppaKorahKoranKorecKorinKoroaKorwaKosinKotalKotarKouzaKovilKoyanKraalKraftKraitKramaKrautKreisKremsKrengKrepiKrinaKromeKronaKroneKroonKrosaKubbaKudosKudzuKuficKugelKukriKukuiKulahKulakKumanKumbiKumniKumykKunaiKunbiKurkuKurmiKurusKusamKusanKushaKustiKusumKvassKvintKwapaKyackKylixKyrieLaangLabanLabbaLabelLabiaLabisLaborLabraLaccaLacedLacerLacetLacheLacisLactoLadenLaderLadikLadinLadleLaetiLaganLagenLagerLagnaLaichLaighLaineLairdLairyLaityLakerLakieLambaLambyLamelLamiaLaminLammyLamnaLamusLamutLanaoLanasLanazLanceLaneyLangiLangoLankyLanumLapelLaponLappaLapseLapsiLarchLardyLargeLargoLariaLaridLarinLarixLarkyLarryLarusLarvaLarveLaserLassoLastyLatahLataxLatchLatedLatenLaterLatexLatheLathyLatinLatroLatusLauanLaughLauiaLaundLauraLaverLavicLawnyLawzyLaxlyLayerLayiaLayneLazarLeachLeadyLeafyLeakyLeantLeaptLearnLeaseLeashLeastLeathLeaveLeavyLebanLedenLedgeLedgyLedolLedumLeechLeekyLeeryLegalLegerLegesLeggyLegitLegoaLeguaLehuaLeilaLekhaLeliaLemanLemelLemmaLemnaLemonLemurLenadLencaLenchLenduLenisLenthLentoLepasLeperLepraLepusLerotLerwaLesghLesiyLessnLetchLetheLettyLetupLeuchLeucoLeumaLeveeLevelLeverLevinLevirLevisLewieLewisLewthLexiaLhotaLianaLiangLiardLibbyLibelLiberLibraLiccaLichiLicitLiegeLieshLieueLieveLiferLifeyLigasLightLigneLikenLikerLikinLilacLimanLimaxLimboLimbuLimbyLimenLimerLimesLimeyLimitLimmaLimmuLimpyLimsyLinchLindoLineaLinedLinenLinerLinetLingaLingeLingoLingyLinhaLinieLininLinjaLinjeLinksLinkyLinneLinonLinosLintyLinumLinusLipanLipinLippyLisleLitasLitchLiterLitheLithiLithoLithyLitraLitusLivedLivenLiverLividLivorLivreLiwanLlamaLlanoLloydLluddLoachLoamyLoasaLoathLoaveLobalLobarLobbyLobedLocalLochyLockyLocumLocusLodgeLodhaLodurLoessLoftyLogiaLogicLogieLoginLogoiLogosLohanLoharLokaoLoketLollyLongaLongeLongsLoobyLoonyLoopyLooseLoperLoppyLoralLoranLordyLoredLoricLorisLorryLorumLoselLoserLoticLottaLotteLottoLotusLouchLoueyLoughLouieLouisLouluLoupeLouseLousyLoutyLoverLowanLowerLowlyLowthLoxiaLoxicLoyalLubraLucanLucetLuciaLucidLuckyLucreLuffaLugerLuianLuigiLuiteLulabLumenLummyLumpyLunarLunchLundaLunelLunesLungeLungiLungyLunkaLupidLupisLupusLuralLurchLurerLuridLurkyLurryLushyLuskyLustyLutaoLuteoLuterLutraLuxusLyardLycidLycusLydiaLyeryLyingLymphLynchLyricLyridLysinLysisLyssaLyticLyttaMabelMacanMacaoMacawMaccoMacerMachiMacleMaconMacroMadamMadgeMadiaMadidMadlyMadocMaficMafooMagasMaggyMaghiMagicMagmaMagnaMagogMagotMaharMahdiMahoeMahraMahriMahuaMaidaMaiduMaidyMaiidMaineMainsMaintMaireMaiusMaizeMajorMakahMakerMakuaMakukMalarMalaxMalayMaleoMalicMalikMalmyMaltoMaltyMalusMalvaMambaMamboMamieMammaMammyManalManasMandeManedManeiManesManeyMangaMangeMangiMangoMangyManiaManicManidManisManiuManlyMannaMannyManocManorManseMansoMantaMantoManulManusMaoriMapauMapleMappyMaquiMaraeMaralMarchMarcoMardyMargeMariaMaridMarisMarkaMarkoMarliMarlyMarokMarryMarshMarsiMartuMartyMasaiMashaMashyMasonMassaMasseMassyMastyMataiMatarMataxMatchMaterMateyMatinMatkaMatraMatsuMattaMatteMattiMattyMatzoMaughMaundMauriMauveMavisMawkyMaximMayanMaybeMaydaMayerMayeyMayntMayorMazdaMazedMazerMazicMazurMazutMbayaMboriMbubaMckayMealyMeantMeaseMeatyMeccaMeconMedalMediaMedicMedioMedocMeeceMeeseMeggyMeileMeithMelamMelasMelchMeleeMelesMeliaMelicMeloeMelonMelosMendeMendiMendsMenicMensaMenseMenskMerakMerchMercyMerelMergeMerghMerilMeritMerleMeropMerosMerryMerseMesadMesalMesemMeshyMesicMesneMesonMesseMessyMesuaMetadMetalMetelMeterMeticMetisMetolMetraMetzeMeuseMeuteMewerMezzoMiamiMiaowMiasmMiaulMicahMicheMichtMickyMicroMiddyMiderMidgeMidgyMidstMiffyMightMikieMikirMilanMilchMilerMilesMilhaMilkyMillaMilleMillyMilpaMiltyMimeoMimerMimicMimlyMimusMinarMinceMinerMinesMingeMingoMingyMinimMinnyMinorMinosMinotMintyMinusMiqraMiracMirakMiridMirthMirzaMisdoMiserMisgoMiskyMissyMistyMiterMitisMitraMitreMittyMituaMixedMixenMixerMizarMizzyMnemeMniumMobbyMobedMobleMochaMocoaModalModelModocMoggyMogulMoharMohelMohurMoiraMoireMoiseMoismMoistMoityMokumMolalMolarMoldyMolerMolgeMolkaMolleMollyMolpeMommeMommyMomusMonadMonalMonasMonelMonerMoneyMongoMonnyMonteMonthMontuMoochMoodyMoolsMoonyMoornMoorsMooryMoosaMooseMoostMoothMopanMoperMoplaMoppyMopsyMopusMoquiMoralMoratMorayMordvMorelMoresMorgaMoricMorinMormoMorneMorocMoronMorphMorseMorthMorusMosesMoseyMosguMossiMossyMosteMosulMotedMotelMoterMotetMoteyMothyMotifMotorMotteMottoMoudyMouldMouleMoulsMoulyMoundMountMournMouseMousyMouthMoverMovieMowchMowerMowhaMowieMowraMowseMowthMoyenMoyleMpretMuangMucicMucidMucinMuckyMucorMucroMucusMudarMuddeMuddyMudeeMudirMudraMuffyMuftiMuftyMuggyMugilMuistMukriMuktiMulchMulctMuleyMulgaMullaMulseMummyMumpsMunchMundaMungaMungeMungoMungyMuniaMuongMuralMuranMurexMurgaMuridMurkyMurlyMurmiMurraMurreMurutMurvaMurzaMusalMusarMuscaMusciMusedMuserMusguMushaMushyMusicMusieMuskyMussyMustyMutchMuterMuticMuzzyMyallMymarMyoidMyomaMyopeMyopsMyopyMyronMyrrhMyselMysidMysisNabakNabalNabbyNablaNableNabobNacreNacryNadirNaggyNaghtNagorNahorNahuaNahumNaiadNaiasNailyNairyNaishNaiveNakedNakerNakirNakooNamazNambeNamdaNamerNanceNancyNandiNanduNanesNangaNannyNantzNaomiNapalNapooNappeNappyNaresNaricNarkyNarraNasabNasalNaschNassaNastyNasuaNasusNatalNatchNatesNatheNattyNaumkNauntNavalNavarNavelNavetNavewNavvyNawabNayarNazimNazirNeathNebbyNebelNeddyNeedsNeedyNeeldNeeleNeeseNeezeNeffyNegerNegroNegusNeighNeistNejdiNellyNentaNeozaNepalNeperNerveNervyNestyNeterNetopNettyNeumaNeumeNevelNeverNevoyNevusNewarNewelNewlyNewsyNexalNexumNexusNgaioNgapiNgokoNiataNibbyNicheNickyNicolNidalNidgeNidorNidusNieceNiepaNieveNificNifleNiftyNigelNightNigreNiguaNihalNikauNikkoNilotNimbiNinnyNinonNinoxNinthNintuNinutNiobeNiotaNippyNisanNiseiNisseNisusNitchNiterNitidNitonNitroNittyNiuanNivalNixieNizamNjaveNobbyNobleNoblyNodalNoddyNodedNodusNogaiNogalNohowNoilyNointNoiseNoisyNoktaNolleNomadNomicNomosNonceNondaNondoNonesNonetNonicNonlyNonyaNonylNookyNooseNopalNorahNoriaNoricNorieNormaNornaNorseNorskNorthNosedNoserNoseyNotalNotanNotchNotedNoterNotumNotusNovelNovemNowayNowedNowelNoxalNoyauNubbyNubiaNucalNuchaNucinNudgeNulloNumdaNumenNummiNumudNunchNunkiNunkyNunniNuqueNurlyNurseNursyNuttyNyayaNydiaNylonNymilNymphNyoroNyssaNyxisOadalOakenOakumOaredOaricOasalOasesOasisOatenObeahObeseObleyOboleOccurOceanOcherOchnaOchroOcoteOcqueOcreaOctadOctanOctetOcticOctylOcubyOddlyOdeonOdeumOdistOdiumOdoomOecusOeninOffalOfferOftenOfterOftlyOgeedOghamOghuzOgiveOglerOgmicOheloOhmicOiledOilerOisinOkapiOkrugOlchaOlchiOldenOlderOleicOleinOlenaOlentOlivaOliveOllieOlogyOlonaOmahaOmaniOmberOmegaOminaOmlahOnciaOncinOneryOnionOniumOnkosOnlayOnmunOnsetOntalOnymyOolakOollyOopakOopodOotidOpataOperaOphicOphisOpineOpiumOpticOrachOrageOrangOrantOraonOraryOrateOrbedOrbicOrbitOrcinOrderOreadOreasOrganOrgiaOrgicOrgueOriasOribiOrielOrionOriyaOrletOrlopOrmerOrnisOromoOrrisOrselOrsonOrtetOrthoOrtolOrtyxOryzaOsageOscanOscarOscinOselaOshacOsideOsierOsmicOsminOsoneOssalOssetOsticOtaryOtateOtherOthinOtkonOtomiOttarOtterOtyakOuabeOughtOuijaOukiaOulapOunceOundsOupheOurieOutbyOutdoOutedOutenOuterOutgoOutlyOutreOuzelOvantOvaryOvateOvertOvestOvileOvineOvismOvistOvoidOvoloOvulaOvuleOwghtOwingOwlerOwletOwnerOwsenOwserOxaneOxbowOxboyOxeyeOxflyOxideOximeOxlipOxmanOxterOyanaOzarkOzenaOziasOzonePaauwPabloPacayPacedPacerPachtPaddaPaddyPadgePadlePadrePadusPaeanPaeonPaganPagerPagusPahmiPaintPaisaPalarPalasPalauPalayPalchPaleaPaledPalerPalesPaletPallaPalliPalluPallyPalmaPalmoPalmyPalpiPalsyPaltaPalusPamirPanakPanaxPandaPandyPanedPanelPangiPanicPannaPannePansePansyPantoPantsPantyPaoloPapalPapawPaperPapeyPapioPappiPappyPapyrPaqueParahParamParaoParchPardoParelParenParerPargePargoParisParkaParkyParleParlyParmaParolParraParryParseParsiPartoPartyParusPasanPaschPashaPashmPasmoPassePassoPastePastyPasulPataoPatasPatchPatelPatenPaterPathyPatioPatlyPatsyPattaPattePattuPattyPaulaPausePauxiPavanPaverPaviaPavidPavisPawerPawkyPayedPayeePayerPayniPayorPeacePeachPeagePeakyPearlPeartPeasyPeatyPeavyPebanPecanPechtPeckyPecosPedalPedeePedesPedroPedumPeelePeeoyPeepyPeeryPeevePeggyPeinePeisePekanPekinPekoePelewPelonPeltaPenalPencePendaPengoPenisPennaPenniPennyPensyPentaPeonyPeppyPercaPerchPercyPerduPeresPerilPeritPerkyPerlaPerlePerryPersePertyPerunPesahPeskyPestePetalPeterPetitPetrePettyPeuhlPeweePewitPfundPhacaPhaetPhagePhanoPharePhasePhasmPhealPhebePhenePhenyPheonPhialPhobyPhocaPhomaPhonePhonoPhonyPhoraPhosePhotoPhylaPhylePhymaPhysaPiabaPianoPiastPicaePicalPiceaPichiPickyPicotPicraPiculPicusPidanPiecePiendPietyPiezoPiggyPiglyPigmyPikedPikelPikerPikeyPiklePilarPilauPilchPileaPiledPilerPilesPilinPilmyPilonPilotPilumPilusPimanPinalPinaxPinchPindaPindyPinedPinerPineyPinicPinkyPinnaPinnyPinonPintaPintePintoPinusPinylPiousPioxePipalPipedPiperPipetPipilPipitPippyPipraPiquePirnyPirolPisanPisayPiscoPishuPiskyPisumPitauPitchPithyPittaPiuriPivotPixiePizzaPlacePlackPlagaPlagePlaidPlainPlaitPlanePlangPlankPlantPlashPlasmPlassPlatePlattPlatyPlaudPlayaPlazaPleadPleatPlebePlebsPleckPlenyPleonPlicaPlierPlinyPloatPlocePlockPlombPlookPlotePloukPloutPluckPluffPlumaPlumbPlumePlumpPlumyPlunkPlushPlutoPlyerPoachPobbyPochePockyPodalPoddyPodexPodgePodgyPoesyPoggePoggyPohnaPoiluPoindPointPoisePokanPokedPokerPokeyPokomPolabPolarPolerPoleyPolioPolisPolkaPollyPolosPolypPomakPombePomboPomeyPommePommyPompaPoncaPoncePondoPondyPoneyPongaPongoPonjaPontoPoochPookaPooliPoolyPopalPoppaPoppyPoralPorchPoredPorerPorgePorgyPoriaPorkyPorosPorryPortaPortoPortyPorusPoscaPoserPoseyPositPossePotchPoterPotooPottoPottyPoucePouchPoulpPoultPoundPoutyPowerPoyouPraamPranaPrankPrasePratePrawnPrayaPreenPressPrestPrexyPricePrichPrickPridePridyPriedPrierPrillPrimaPrimePrimpPrimyPrinePrinkPrintPrionPriorPrismPrissPriusPrivyPrizeProalProbeProemProkeProneProngProofPropsProreProseProsoProssProsyProteProtoProveProwlProxyPrudePrudyPrunePruntPryerPrysePsalmPshavPshawPsoasPsoraPsychPubalPubesPubicPubisPuckaPuddyPudgePudgyPudicPudsyPuffyPuggiPuggyPugilPuistPukerPulerPulexPulkaPulliPulpyPulsePunanPunchPunctPungaPungiPunicPunkyPuntaPuntiPuntoPuntyPupalPupilPuppyPurdyPuredPureePurerPurgaPurgePurrePurryPursePursyPussyPutidPuttyPychePygalPygmyPylarPylicPylonPyoidPyralPyranPyrexPyrusPyxiePyxisQuackQuadiQuaffQuailQuakeQuakyQualeQualmQuantQuareQuarkQuarlQuartQuashQuasiQuataQuaukQuaveQuawkQubbaQueakQuealQueanQueenQueerQueetQueghQuellQuemeQuerlQuernQueryQuestQueueQuicaQuickQuietQuiffQuilaQuillQuiltQuinaQuinkQuintQuipoQuipuQuiraQuireQuirkQuirlQuirtQuiteQuitsQuituQuoinQuoitQuotaQuoteQuothQurtiRaashRabatRabbiRabicRabidRacerRacheRaconRadarRadiiRadioRadixRadonRaffeRaftyRagerRaggyRaiaeRainyRaiseRajahRakanRakerRakitRallyRalphRamalRamanRamboRamedRametRamexRamieRammyRamusRanalRanceRanchRandyRangeRangyRanidRannyRantyRaperRapheRapicRapidRappeRasenRaserRaspyRasseRatalRatchRatedRatelRaterRatheRatioRattiRattyRatwaRauliRaupoRavelRavenRaverRavinRayedRayonRazeeRazerRazooRazorReaalReachReactReaddReadyRealmReamyRearmReaskReasyReaveRebabRebagRebanRebarRebecRebedRebegRebelRebiaRebidRebobRebopReboxRebudRebusRebutRebuyRecapRecceReccoReccyReconRectaRectiRectoRecurRecutRedanReddyRediaRedigRedipRedlyRedoxRedryRedubRedueReduxRedyeReedyReefyReekyReeseReeskReestReeveRefanRefelReferRefitRefixReflyRegalRegesRegetReggaRegiaReginRegleRegmaRegurRehoeReifyReignReinaReinsRelapRelaxRelayReletRelicRelotRemanRemapRemexRemitRemixRemopRemusRenalRendsRenegRenesRenetRenewReninRenkyRenneReoilReownRepayRepegRepelRepenRepewRepicRepinReplyRepotRereeRerigRerobRerowRerubRerunResawResayReseeResetResewResexResinResowRestyResueResunResupRetagRetanRetaxRetchRetemRetheRetiaRetieRetinRetipRetryReuelReuneReuseRevelReverRevetRevieRevueRewaxRewedRewetRewinRexenRhamnRheaeRheenRheicRheinRhemaRhemeRheumRhinaRhineRhinoRhodaRhoeoRhombRhumbRhymeRhymyRiantRiataRibatRibbyRibesRicerRiceyRichtRicinRidenRiderRidgeRidgyRiffiRifleRiftyRigelRightRigidRigolRigorRileyRillyRimalRimerRimpiRinchRindeRindyRingeRingyRinkaRinseRipalRipenRiperRipupRisenRiserRishiRiskyRitzyRivalRivelRivenRiverRivetRiyalRoachRoastRoberRobinRobleRobotRoburRockyRoctaRodeoRodgeRoganRogerRogueRohanRohobRohunRoilyRoistRokeeRokerRokeyRoleoRolloRomalRomanRomeoRomicRompuRompyRoncoRondeRondoRongaRoofyRookyRoomyRoosaRoostRootyRooveRoperRopesRoqueRoralRoricRortyRosalRosedRoselRosetRosinRotalRotanRotchRoterRotgeRotorRotseRougeRoughRougyRoukyRoundRoupyRouseRoustRouteRouthRoverRovetRowanRowdyRowedRowelRowenRowerRowetRowtyRoyalRoyetRozumRuachRuanaRubiaRubleRuborRubusRucheRuckyRudasRuddyRudgeRufusRugbyRuggyRuingRulerRumalRumanRumboRumenRumexRumlyRummyRumorRunbyRunchRundiRunedRunerRunicRunnyRuntyRupeeRupiaRupieRuralRushyRusinRuskyRusmaRusotRustyRutchRuticRutinRuttyRutylRuvidRybatRyderSabalSabanSaberSabiaSabikSabirSableSablySabotSabraSabziSacaeSacraSacroSadheSadhuSadicSadieSadlySafarSafenSagaiSaggySagraSagumSahibSahmeSaidiSaigaSailySaimySaintSaiphSairySaiteSaivaSajouSakaiSakelSakerSakhaSaladSalalSalarSalatSalaySalepSalicSalixSalleSallySalmaSalmoSalolSalonSalpaSalseSaltaSaltySalvaSalveSalvoSalvySamajSamalSamanSamasSambaSamboSamelSamenSammySampiSanaiSanctSancySandySangaSansiSantaSantoSapanSapekSapidSapinSapleSaporSappySarafSarahSaranSargoSarifSaripSarnaSarodSaronSarosSarpoSarraSarsaSarsiSarukSarusSasanSasinSassySatanSatinSatyrSauceSaucySaughSauldSaultSaunaSauraSaurySauteSautySauveSavedSaverSavinSavorSavoySavvySawahSawanSawedSawerSaxonSayalSayerSayidSazenScadsScaffScalaScaldScaleScallScalpScaltScalyScampScantScapeScareScarfScarnScarpScartScaryScaseScaulScaumScaupScaurScautScawdScawlSceatScenaScendSceneScentSchuhSchwaScianScindScionSciotSclavSclawSclerSclimScoadScobsScoffScokeScolbScoldSconeScoonScoopScootScopaScopeScopsScoreScornScoteScotsScoukScoupScourScoutScoveScovyScowlScrabScraeScragScramScranScrapScratScrawScrayScreeScrewScrimScrinScripScrobScrodScrogScrooScrowScrubScrufScrumScudiScudoScuffScuftScullSculpScurfScuseScutaScuteScyldScythSeamySearySeaveSeavySebumSecosSecreSedanSederSedgeSedgySedumSeechSeedySeegeSeelySeepySegolSeineSeiseSeismSeitySeizeSekerSekosSelahSellaSelliSellySelvaSemenSemicSemisSenamSenceSenciSennaSensaSenseSensoSepadSepalSepiaSepicSepoySeptaSeptiSequaSerabSeraiSeralSerauSerawSerehSererSeresSergeSericSerifSerinSerioSermoSeronSerowSerraSerrySertaSerumSerutServeServoSesiaSesmaSestiSetaeSetalSetonSetupSeughSevenSeverSewanSewedSewenSewerSexedSexlySextoSfootShackShadeShadyShaftShahiShakaShakeShakoShakuShakyShaleShallShaltShalyShamaShameShangShankShantShapeShapsShapyShardShareSharkSharnSharpShaulShaupShaveShawlShawmShawySheafShealShearSheatSheenSheepSheerSheetSheikShelaSheldShelfShellShemuShendShengSheolShethShevaShewaShiahShiceShideShiedShielShierShiesShiftShikoShilfShilhShillShinaShineShinyShireShirkShirlShirrShirtShishShisnShitaShiveShivyShluhShoadShoalShoatShockShodeShoerShogiShojiShojoSholaSholeShonaShoneShoodShooiShookShoolShoopShoorShootShoreShornShortShoteShottShoutShoveShownShowyShoyaShrabShrafShragShramShrapShredShreeShrewShripShrogShrubShrugShubaShuckShuffShuneShuntShureShurfShushShyerShylySibbySibylSiccaSicelSidedSiderSidesSidheSidleSidthSiegeSienaSievaSieveSievySifacSightSigilSiglaSigmaSikarSiketSilasSilenSilexSilkySillySiltySilvaSilylSimalSimarSimiaSimonSinaeSinalSinceSinewSingeSinghSinicSinkySintoSintuSinusSiouxSiperSipidSirenSirihSirisSirkiSirkySirocSirupSisalSiselSissuSissySitaoSitarSitchSitheSitioSitkaSittaSitusSiusiSivanSiverSiwanSixerSixteSixthSixtySizalSizarSizedSizerSizesSkaffSkairSkartSkateSkeanSkeedSkeegSkeelSkeenSkeerSkeetSkeifSkeinSkelfSkellSkelpSkempSkeneSkereSketeSkewlSkewySkiceSkidiSkiedSkierSkiesSkiffSkiftSkillSkimeSkimpSkinkSkirlSkirpSkirrSkirtSkiteSkiveSkoalSkoutSkulkSkullSkulpSkunkSkuseSkyeySkyreSlackSladeSlainSlaitSlakeSlakySlampSlaneSlangSlankSlantSlapeSlareSlartSlashSlateSlathSlatySlaumSlaveSlaviSleckSleekSleepSleerSleetSlentSleptSleteSliceSlichSlickSlideSlimeSlimySlineSlingSlinkSlipeSlirtSlishSliteSliveSloanSlockSlokaSlokeSloneSlonkSloomSloopSlopeSlopsSlopySlorpSloshSloteSlothSlourSlowsSloydSluerSluigSluitSlumpSlungSlunkSlurpSlushSlylySlypeSmackSmaikSmallSmalmSmaltSmarmSmartSmashSmazeSmearSmeekSmeerSmellSmeltSmethSmichSmileSmilySmirkSmiteSmithSmockSmokeSmokySmoltSmookSmoosSmootSmoreSmoteSmousSmoutSmurrSmuseSmushSmythSnackSnaffSnafuSnailSnakeSnakySnapeSnapsSnapySnareSnarkSnarlSnarySnathSneadSneakSneapSneckSneerSnellSnerpSnickSnideSniffSniftSnipeSnipySnirlSnirtSniteSnivySnockSnoekSnogaSnokeSnoodSnookSnoopSnootSnoreSnorkSnortSnoutSnowkSnowlSnowySnuckSnuffSnurlSnurpSnurtSoakySoapySoarySobbySoberSochtSociiSockySocleSoddySodicSodioSodomSofarSoftaSoftySogerSogetSoggySoilySokenSolanSolarSolaySoldiSoldoSoleaSolenSolerSolesSolidSolioSolodSolonSolumSolveSomalSommaSonarSongoSongySonicSonlySonnySonsySookeSookySoordSoothSootySophySoporSoppySoralSordaSoreeSorexSorgoSorraSorrySortySorusSorvaSosiaSoterSothoSotieSotikSotolSoughSoulySoundSoupySourySouseSouthSowanSowarSowelSowerSowleSowseSowteSoyotSozinSpaceSpackSpacySpadeSpaerSpahiSpaidSpaikSpaldSpaleSpallSpaltSpaneSpangSpankSpannSpareSparkSparmSpartSparySpasmSpateSpaveSpawnSpeakSpealSpeanSpearSpeceSpeckSpecsSpeedSpeelSpeenSpeerSpelkSpellSpeltSpendSpentSpeosSpermSpewySphexSpicaSpiceSpickSpicySpiedSpielSpierSpiffSpikeSpikySpileSpillSpiltSpinaSpineSpinkSpinySpireSpiroSpirtSpirySpiseSpiteSpitzSplatSplaySpletSplitSpodeSpoilSpokeSpokySpoleSpongSpoofSpookSpoolSpoomSpoonSpoorSpootSporeSportSposhSpoutSpradSpragSpratSpraySpreeSpretSprewSprigSpritSprodSprueSprugSpukeSpumeSpumySpungSpunkSpurlSpurnSpurtSputaSpyerSquabSquadSquamSquatSquawSquibSquidSquinSquitSrutiStaabStackStadeStaffStageStagyStaiaStaidStainStaioStairStakeStaleStalkStallStampStandStaneStangStankStareStarkStarnStartStaryStashStateStaukStaunStaupStaveStawnStaysStchiSteadSteakStealSteamSteanStechSteedSteekSteelSteenSteepSteerSteidSteinStelaSteleStellStemaStendStengStenoStentSteptStereSteriSterkSternSteroStertStewyStichStickStifeStiffStileStillStiltStimeStimyStineStingStinkStintStionStipaStipeStirkStirpStiteStithStiveStivyStoatStockStoepStoffStogaStogyStoicStokeStolaStoleStomaStompStondStoneStongStonyStoodStoofStookStoolStoonStoopStootStopaStopeStoreStorkStormStoryStoshStossStounStoupStourStoutStoveStradStraeStragStramStrapStrawStrayStreeStretStrewStreyStriaStridStrigStripStritStrixStromStropStrowStroyStrubStrueStrumStrutStruvStubbStuckStudeStudyStuffStullStulmStumpStungStunkStuntStupaStupeStuppSturkSturtStussStyanStycaStyleStyloSuadeSuantSuaveSubahSuberSucciSucreSudanSuddySudicSudraSudsySuedeSuetySueveSueviSuganSugarSuinaSuineSuingSuintSuistSuiteSuitySukeySuleaSulfaSulkaSulkySullaSullySumacSumakSumphSunnaSunniSunnySunupSuomiSupaiSuperSurahSuralSuratSuresSurfySurgeSurgySurlySurmaSurraSusanSusieSutorSutraSwackSwageSwainSwaleSwamiSwampSwangSwankSwapeSwardSwareSwarfSwarmSwartSwashSwathSwatiSwaziSwealSwearSweatSwedeSweepSweerSweetSwegoSwellSwelpSweltSweptSwerdSwickSwiftSwileSwillSwimySwineSwingSwinkSwipeSwipySwirdSwireSwirlSwishSwissSwithSwoonSwoopSwordSworeSwornSwoshSwungSwureSybilSyceeSyconSylidSylphSylvaSynchSynodSyrmaSyrupTabbyTabesTabetTabicTabidTablaTableTabogTabooTaborTabutTaccaTacheTacitTackyTacsoTaffyTafiaTagalTaggyTaguaTahilTahinTahuaTaichTaigaTailyTainoTaintTaipiTaipoTairnTaiseTajikTakarTakenTakerTakinTakyrTalakTalaoTalarTaledTalerTalesTalisTalkyTallyTalmaTalonTalpaTalukTalusTamasTamboTamerTamilTamisTammyTamulTamusTanakTananTangaTangiTangoTangsTangyTanhaTaniaTankaTanoaTansyTantiTanzyTapasTapenTaperTapetTapiaTapirTapisTapoaTappaTapulTaquaTarafTaraiTarauTardyTareaTarfaTargeTarieTarinTarocTarokTarotTarriTarryTarseTarsiTarveTascoTasseTasteTastyTatarTaterTatesTatieTatouTattaTattyTaubeTaulaTauliTauntTaupeTaupoTauriTaverTawerTawgiTawieTawnyTawpiTawseTaxedTaxerTaxisTaxonTaxorTaxusTayerTayirTayraTaziaTcawiTchaiTchwiTeachTeaerTeaeyTeartTearyTeaseTeasyTeatyTeaveTeazeTebetTechyTeclaTeconTecumTeddyTedgeTeemsTeensTeenyTeestTeethTeetyTeguaTeianTeindTejonTekkeTekyaTelarTeleiTelicTelltTelynTemanTembeTembuTeminTemneTempeTempiTempoTemptTemseTenaiTenchTenetTenguTenioTenneTenonTenorTenseTenthTentyTepalTepeeTepidTeporTerapTerasTerekTereuTermaTernaTerneTerryTerseTerzoTestaTesteTestyTetchTetelTetonTetraTetumTewelTewerTewitTewlyTexanTexasThackThaisThanaThaneThankTharfTharmThatnThatsThaveThawnThawyTheahTheatThecaTheekTheerTheetTheftThegnTheirThemaThemeTheowThereThermTheseThetaThewyThickThiefThighThilkThillThineThingThinkThiolThirdThirlThirtThisnThoftThokeTholeTholiThoneThongThoomThoreThornThoroThorpThortThoseThowtThramThrapThrawThraxThreeThrewThripThrobThroeThrouThrowThrumThruvThujaThuleThulrThumbThumpThungThuocThurlThurmThurtThymeThymyTiangTiaraTibbuTibbyTibetTibeyTibiaTicalTiccaTicerTickyTiculTidalTiddyTidedTiffyTigerTightTigreTiguaTikkaTikorTikurTildaTildeTiledTilerTiliaTillyTilthTiltyTimarTimbeTimboTimedTimerTimesTimidTimneTimonTimorTinctTineaTinedTingeTingiTinneTinniTinnyTintaTintyTipleTippyTipsyTipupTiredTirerTirmaTirveTisarTitanTitarTiterTitheTitleTitreTittyTitusTiverTiwazTizzyTlacoTmemaToadyToastTodayToddyTodeaTodusToffyTogueToherToiseToityTokayTokenTolanToldoTollyTolylTomanTombeTominTommyTonalTonedTonerTongaTongsTonicTonnaTontoTonusToonaTooshToothTopazTopeeToperTopiaTopicToppyTopslTopsyToqueTorahToralToranTorchToredToricToriiTormaTorseTorskTorsoTortaTorusTorveToshyTossyTotalTotemToterTottyTotumTouchToughTouldTournTouseTousyTovarTowaiTowanTowelTowerTownyToxicToxinToxonToyerToyonTozeeTozerTraceTrackTractTradeTradyTragiTraikTrailTrainTraitTramaTrameTrampTrankTrantTrapaTrapsTrashTrassTrasyTraveTrawlTreadTreatTreedTreenTreeyTremaTrendTrentTressTrestTrewsTriadTrialTriasTribeTricaTriceTrickTriedTrierTrifaTrikeTrillTrimsTrineTrinkTriorTripeTripyTristTriteTrixyTroadTroatTrocaTrockTrocoTrodeTroftTrogsTroicTrokeTrollTrompTronaTroncTroneTroopTrootTropeTrothTroutTroveTrubuTruceTruckTrudyTruerTruffTrullTrulyTrumpTrunkTrushTrussTrustTruthTrymaTrypaTrystTsereTsineTsubaTsuboTsugaTsumaTuarnTuartTuathTubaeTubalTubarTubbaTubbyTuberTubigTubikTuckyTucumTudelTudorTufanTuftyTuguiTuismTukraTulipTulleTulsiTumidTummyTumorTuncaTunedTunerTungaTungoTunicTunnaTunnyTupekTupikTuqueTurboTurcoTurfyTurgyTurioTurkiTurmaTurnsTurpsTurseTurusTuskyTuteeTutinTutlyTutorTuttiTuttyTuzlaTwainTwaleTwaltTwanaTwangTwankTwantTweagTweakTweedTweegTweelTweenTweetTweilTwereTwerpTwiceTwickTwillTwiltTwineTwinkTwinyTwireTwirkTwirlTwistTwiteTwixtTycheTydieTyighTyingTykenTylusTypalTyperTyphaTypicTysteTzaamUaupeUayebUcheeUckiaUdasiUdderUdellUdishUgricUhlanUhlloUigurUinalUintaUkaseUlcerUlemaUllerUlmicUlminUlmusUlnadUlnaeUlnarUloidUltraUluhiUluluUlvanUmauaUmbelUmberUmbleUmbraUmiakUmiriUmptyUnactUnaddUnamiUnamoUnaptUnarkUnarmUnaryUnbagUnbarUnbayUnbedUnbetUnbidUnbitUnbogUnbowUnboxUnboyUnbudUncapUnciaUncleUncoyUncusUncutUndamUndenUnderUndidUndigUndimUndogUndonUndryUndubUndueUndugUndyeUneyeUnfarUnfedUnfewUnfitUnfixUnfurUngagUngetUngkaUngodUngotUngumUnhadUnhapUnhatUnhexUnhidUnhitUnhotUniatUniceUnifyUninnUnionUniteUnityUnjamUnkedUnkenUnketUnkeyUnkidUnkinUnlapUnlawUnlayUnledUnletUnlidUnlieUnlitUnmadUnmanUnmetUnmewUnmixUnnewUnodeUnoilUnoldUnonaUnornUnownUnpegUnpenUnpinUnpotUnputUnramUnrayUnredUnridUnrigUnripUnrowUnrraUnrunUnsadUnsayUnseeUnsetUnsewUnsexUnshyUnsinUnslyUnsonUnstyUnsunUntapUntarUntaxUntieUntilUntinUntopUnurnUnuseUnwanUnwaxUnwebUnwedUnwetUnwigUnwonUnzenUparmUpbarUpbayUpbidUpbuyUpcryUpcutUpdryUpeatUpendUpflyUpgetUpherUpjetUplayUplegUpmixUpperUppopUpridUpripUprunUpsetUpseyUpsitUpsunUpsupUptieUpupaUpwaxUpwayUraliUrareUrariUraseUrateUrbanUrbicUrdeeUrealUredoUreicUreidUrenaUrentUrgerUriahUrialUrianUrielUrineUriteUrlarUrledUrmanUrnaeUrnalUrsalUrsidUrsonUrsukUrsusUrubuUrucuUsageUsaraUsentUshakUsherUskokUsneaUsnicUsqueUsterUsualUsureUsurpUsuryUtchyUteesUteriUtickUtileUtrumUtsukUtterUvateUvealUviolUvitoUvrouUvulaUvverUzaraUzbakUzbegUzbekVacheVacoaVagalVagasVagueVagusVaireVairyVajraVakiaVakilValetValidValmyValorValsaValseValueValvaValveValylVandaVanedVanirVapidVaporVaranVardyVarecVarixVarnaVarusVarveVasalVastyVaticVaudyVaultVauntVealyVeddaVedicVedroVeeryVeilyVeinyVejozVelalVelarVeldtVelicVelteVelumVenalVenedVenieVeninVenomVenueVenusVepseVerbyVerekVergeVergiVerpaVerreVerseVersoVerstVerveVespaVestaVetchVeuveVexedVexerVexilViandVibexVibixVicarViciaVideoVidryViduaVidyaViewyVifdaVigiaVigilVigorVijaoVillaVilleVimenVinalVineaVinedVinerVinicVinnyVintaVinylViolaViperViralVireoVirgaVirgoViridVironVirtuVirusVisieVisitVisneVisonVisorVistaVistoVitalVitisVittaViuvaVivaxViverVivesVividVixenVlachVocalVodkaVogueVogulVoiceVoileVolarVoletVoltaVolvaVomerVomitVotalVoterVouchVougeVouliVowedVowelVowerVraicVuggyVulvaVyingWaapaWaasiWabbyWackeWackyWaddyWaderWadnaWaferWaftyWagedWagerWagesWaggyWagonWahooWailyWairdWaiseWaistWaiveWakanWakenWakerWakesWakhiWakifWakonWaledWalerWallyWalshWalthWaltzWamelWamusWandyWanedWangaWanleWanlyWannyWantyWappoWarchWarlyWarntWarriWarseWarstWarthWartyWaruaWarveWasatWascoWaselWashoWashyWasirWasntWaspyWasteWastyWatapWatchWaterWauchWaughWaunsWauraWauveWavedWaverWaveyWawahWaxenWaxerWayaoWazirWeakyWealdWearyWeaveWebbyWeberWechtWedgeWedgyWeedaWeedyWeenyWeepsWeepyWeeshWeezeWeftyWeighWeirdWeismWekauWellyWelshWenchWendeWennyWesteWestyWetlyWevetWezenWhackWhaleWhalmWhalpWhalyWhameWhampWhandWhangWhankWhareWharfWharlWharpWhartWhaseWhataWhatsWhaukWhaupWhaurWhealWheamWheatWheelWheemWheenWheepWheerWheftWheinWhekiWhelkWhelmWhelpWhereWhewlWhewtWhibaWhichWhickWhiffWhiftWhileWhilkWhillWhilsWhineWhingWhinyWhiptWhirlWhishWhiskWhispWhistWhiteWhitsWhityWholeWhoneWhoofWhoopWhoreWhorlWhortWhoseWhuffWhulkWhushWhuteWichtWickyWiddyWidenWidowWidthWieldWifieWiganWiggyWightWilgaWillyWinceWinchWindyWinedWinerWingyWinlyWinnaWinzeWiperWiredWirerWirosWirraWisenWiserWishaWishtWispyWisseWisteWitanWitchWitheWithyWittyWiverWiyatWiyotWizenWlokaWoadyWoaldWodgeWodgyWoibeWokasWoldyWolofWolveWomanWombyWongaWonkyWonnaWoodyWooerWoofyWooldWoonsWooshWootzWoozyWordyWorksWorkyWorldWormyWorryWorseWorstWorthWouchWoughWouldWoundWovenWrackWrampWrangWrathWrawlWreakWreatWreckWrestWrickWrideWriedWrierWringWristWriteWrithWriveWrokeWrongWroteWrothWrungWrylyWudgeWunnaWuzzyWysonWyverXebecXeniaXenonXenosXenylXeresXericXerusXicakXincaXoanaXurelXylanXylemXyliaXylicXylolXylonXylylXyridXyrisXystiYabbiYabbyYacalYaccaYachtYaguaYahanYahooYairdYajnaYakanYakinYakkaYakutYallaYamelYamenYameoYampaYamphYananYankyYaplyYapokYappyYaquiYarakYarayYarkeYarlyYarthYashtYasnaYauldYawnyYazooYearaYeardYearnYeastYemenYerbaYergaYerthYessoYestyYeukyYevenYezdiYezzyYgapoYieldYinceYinstYirthYoccoYodelYoginYoickYojanYokelYokerYolkyYomerYomudYouffYoungYournYoursYouseYouthYouveYouzeYovenYowieYquemYuccaYuchiYuckyYulanYumanYummyYuncaYurakYurokYurtaYurukZabraZabtiZamanZamboZamiaZandeZanteZanzeZapasZapusZaqueZayatZayinZebraZebubZeismZeistZemmiZemniZerdaZermaZestyZhmudZiaraZibetZiegaZiffsZiharZillaZimbiZimmeZimmiZincoZippyZiraiZirakZiziaZlotyZmudzZoccoZoealZoganZohakZoismZoistZokorZolleZombiZonalZonarZonedZonicZontaZooidZooksZoonsZoqueZorilZorroZosmaZowieZuddaZygalZygonZymicZymin